종목코드,종목명,시장구분,업종명,종가,대비,등락률,시가총액
"095570","AJ네트웍스","KOSPI","서비스업","4715","-55","-1.15","213366758685"
"006840","AK홀딩스","KOSPI","기타금융","11000","-160","-1.43","145723171000"
"027410","BGF","KOSPI","기타금융","3575","15","0.42","342187527825"
"282330","BGF리테일","KOSPI","유통업","108200","-800","-0.73","1870118629200"
"138930","BNK금융지주","KOSPI","기타금융","10560","30","0.28","3383811837120"
"001460","BYC","KOSPI","섬유의복","30200","0","0.00","188633730000"
"001465","BYC우","KOSPI","섬유의복","13060","20","0.15","28129281000"
"001040","CJ","KOSPI","기타금융","96000","-2200","-2.24","2800991808000"
"079160","CJ CGV","KOSPI","서비스업","5570","50","0.91","922281012180"
"00104K","CJ4우(전환)","KOSPI","기타금융","77300","-1200","-1.53","326709377600"
"000120","CJ대한통운","KOSPI","운수창고업","81900","-1000","-1.21","1868330973600"
"011150","CJ씨푸드","KOSPI","음식료품","2905","-70","-2.35","104378895565"
"011155","CJ씨푸드1우","KOSPI","음식료품","16020","-190","-1.17","3204000000"
"001045","CJ우","KOSPI","기타금융","56700","-300","-0.53","128154644100"
"097950","CJ제일제당","KOSPI","음식료품","263500","-9500","-3.48","3966778011000"
"097955","CJ제일제당 우","KOSPI","음식료품","130800","-1800","-1.36","173628236400"
"000480","CR홀딩스","KOSPI","비금속광물","5800","0","0.00","271964842000"
"000590","CS홀딩스","KOSPI","기타금융","69800","0","0.00","80582843600"
"012030","DB","KOSPI","서비스업","1435","-45","-3.04","288684593855"
"016610","DB금융투자","KOSPI","증권","5160","-10","-0.19","219023367240"
"005830","DB손해보험","KOSPI","보험","109200","800","0.74","7731360000000"
"000990","DB하이텍","KOSPI","전기전자","31400","-900","-2.79","1394115663200"
"139130","DGB금융지주","KOSPI","기타금융","8870","-80","-0.89","1500323538710"
"001530","DI동일","KOSPI","유통업","42500","0","0.00","1071666060000"
"000210","DL","KOSPI","화학","34600","-1400","-3.89","725073586400"
"000215","DL우","KOSPI","화학","20800","-100","-0.48","35071192000"
"375500","DL이앤씨","KOSPI","건설업","33700","1000","3.06","1303975095100"
"37550L","DL이앤씨2우(전환)","KOSPI","건설업","22200","500","2.30","46885312200"
"37550K","DL이앤씨우","KOSPI","건설업","16630","140","0.85","35153907550"
"007340","DN오토모티브","KOSPI","전기전자","18480","-650","-3.40","1091537185200"
"004840","DRB동일","KOSPI","화학","4375","-150","-3.31","87193750000"
"155660","DSR","KOSPI","철강금속","3915","-50","-1.26","62640000000"
"069730","DSR제강","KOSPI","철강금속","3385","-15","-0.44","48744000000"
"017860","DS단석","KOSPI","화학","59400","2400","4.21","348167397600"
"017940","E1","KOSPI","유통업","73800","-200","-0.27","506268000000"
"365550","ESR켄달스퀘어리츠","KOSPI","서비스업","4800","-30","-0.62","1022827200000"
"383220","F&F","KOSPI","섬유의복","53500","800","1.52","2049428512500"
"007700","F&F홀딩스","KOSPI","기타금융","12770","-230","-1.77","499490466590"
"114090","GKL","KOSPI","서비스업","11720","20","0.17","724948452400"
"078930","GS","KOSPI","기타금융","41800","-700","-1.65","3883862800400"
"006360","GS건설","KOSPI","건설업","19480","-120","-0.61","1667127425200"
"001250","GS글로벌","KOSPI","유통업","2965","-110","-3.58","244712610260"
"007070","GS리테일","KOSPI","유통업","23150","0","0.00","2424219894300"
"078935","GS우","KOSPI","기타금융","39300","-700","-1.75","70143661800"
"012630","HDC","KOSPI","기타금융","12030","-190","-1.55","718692903630"
"039570","HDC랩스","KOSPI","건설업","8290","40","0.48","215188512290"
"089470","HDC현대EP","KOSPI","화학","3640","-100","-2.67","116116000000"
"294870","HDC현대산업개발","KOSPI","건설업","20650","0","0.00","1360986364500"
"009540","HD한국조선해양","KOSPI","기타금융","204500","-7000","-3.31","14473102222000"
"267250","HD현대","KOSPI","기타금융","77800","-900","-1.14","6145662013000"
"267270","HD현대건설기계","KOSPI","기계","61700","-1300","-2.06","1129454656200"
"443060","HD현대마린솔루션","KOSPI","서비스업","133300","1300","0.98","5925185000000"
"071970","HD현대마린엔진","KOSPI","기계","19730","-520","-2.57","669271096350"
"010620","HD현대미포","KOSPI","운수장비","125600","-100","-0.08","5016733914400"
"322000","HD현대에너지솔루션","KOSPI","전기전자","19100","-950","-4.74","213920000000"
"042670","HD현대인프라코어","KOSPI","기계","7580","-140","-1.81","1460331471860"
"267260","HD현대일렉트릭","KOSPI","전기전자","349500","2500","0.72","12598473682500"
"329180","HD현대중공업","KOSPI","운수장비","220000","-5500","-2.44","19530085520000"
"097230","HJ중공업","KOSPI","건설업","4555","75","1.67","379314349955"
"014790","HL D&I","KOSPI","건설업","2345","-85","-3.50","88778419345"
"003580","HLB글로벌","KOSPI","유통업","3990","-60","-1.48","191650261530"
"204320","HL만도","KOSPI","운수장비","38600","400","1.05","1812544832000"
"060980","HL홀딩스","KOSPI","기타금융","34500","-100","-0.29","350844645000"
"011200","HMM","KOSPI","운수창고업","17960","-660","-3.54","15823469348160"
"035000","HS애드","KOSPI","서비스업","6410","-10","-0.16","106197091690"
"002460","HS화성","KOSPI","건설업","9160","-150","-1.61","92974000000"
"487570","HS효성","KOSPI","기타금융","32500","-1100","-3.27","121092627500"
"298050","HS효성첨단소재","KOSPI","화학","168800","-9000","-5.06","756215222400"
"003560","IHQ","KOSPI","서비스업","10760","0","0.00","64669472240"
"175330","JB금융지주","KOSPI","기타금융","19680","-260","-1.30","3839237336640"
"234080","JW생명과학","KOSPI","의약품","11460","-90","-0.78","181463988840"
"001060","JW중외제약","KOSPI","의약품","23550","-450","-1.88","548383651500"
"001067","JW중외제약2우B","KOSPI","의약품","61400","400","0.66","12892342200"
"001065","JW중외제약우","KOSPI","의약품","29500","-300","-1.01","10087554500"
"096760","JW홀딩스","KOSPI","기타금융","2870","-5","-0.17","212164583540"
"105560","KB금융","KOSPI","기타금융","96200","-1800","-1.84","37857434292600"
"415640","KB발해인프라","KOSPI","기타금융","7960","-440","-5.24","975462562080"
"432320","KB스타리츠","KOSPI","서비스업","4045","-80","-1.94","410220782825"
"002380","KCC","KOSPI","화학","241500","-1500","-0.62","2146082746500"
"344820","KCC글라스","KOSPI","비금속광물","38600","150","0.39","616461763200"
"009070","KCTC","KOSPI","운수창고업","4095","-170","-3.99","122850000000"
"009440","KC그린홀딩스","KOSPI","기타금융","1012","23","2.33","22704199760"
"119650","KC코트렐","KOSPI","기계","513","-2","-0.39","32941950777"
"092220","KEC","KOSPI","전기전자","783","-24","-2.97","157197539403"
"003620","KG모빌리티","KOSPI","운수장비","4180","-140","-3.24","820969781720"
"016380","KG스틸","KOSPI","철강금속","6620","-60","-0.90","662058898140"
"001390","KG케미칼","KOSPI","화학","3945","-80","-1.99","270110362800"
"033180","KH 필룩스","KOSPI","전기전자","6630","0","0.00","125330728770"
"015590","KIB플러그에너지","KOSPI","기계","515","0","0.00","122045495160"
"001940","KISCO홀딩스","KOSPI","철강금속","21200","50","0.24","342939256000"
"025000","KPX케미칼","KOSPI","화학","44950","-650","-1.43","217558000000"
"092230","KPX홀딩스","KOSPI","화학","55600","-200","-0.36","234890317600"
"000040","KR모터스","KOSPI","운수장비","445","-16","-3.47","26759126260"
"044450","KSS해운","KOSPI","운수창고업","8720","20","0.23","201308873600"
"030200","KT","KOSPI","통신업","48800","-50","-0.10","12298658228000"
"033780","KT&G","KOSPI","기타제조업","121800","400","0.33","15433582134600"
"058850","KTcs","KOSPI","서비스업","2885","-50","-1.70","123146225000"
"058860","KTis","KOSPI","서비스업","2685","-15","-0.56","93443370000"
"093050","LF","KOSPI","섬유의복","15710","-90","-0.57","459360400000"
"003550","LG","KOSPI","기타금융","74900","-3200","-4.10","11781844375700"
"034220","LG디스플레이","KOSPI","전기전자","9480","-450","-4.53","4740000000000"
"051900","LG생활건강","KOSPI","화학","310500","-9500","-2.97","4849450168500"
"051905","LG생활건강우","KOSPI","화학","140000","-1100","-0.78","293957580000"
"373220","LG에너지솔루션","KOSPI","전기전자","381500","-21000","-5.22","89271000000000"
"003555","LG우","KOSPI","기타금융","59100","-500","-0.84","178577742000"
"032640","LG유플러스","KOSPI","통신업","11590","-210","-1.78","5060325673990"
"011070","LG이노텍","KOSPI","전기전자","161900","-7200","-4.26","3831704623300"
"066570","LG전자","KOSPI","전기전자","89700","-2200","-2.39","14679208915800"
"066575","LG전자우","KOSPI","전기전자","42950","-1500","-3.37","738138356400"
"037560","LG헬로비전","KOSPI","서비스업","2545","-45","-1.74","197102271425"
"051910","LG화학","KOSPI","화학","284000","-21000","-6.89","20048225412000"
"051915","LG화학우","KOSPI","화학","190000","-13500","-6.63","1460872000000"
"079550","LIG넥스원","KOSPI","기계","197100","-5900","-2.91","4336200000000"
"006260","LS","KOSPI","기타금융","88400","-3000","-3.28","2846480000000"
"010120","LS ELECTRIC","KOSPI","전기전자","144000","300","0.21","4320000000000"
"000680","LS네트웍스","KOSPI","유통업","2885","-115","-3.83","227346701160"
"229640","LS에코에너지","KOSPI","기타금융","23050","-650","-2.74","705903460950"
"108320","LX세미콘","KOSPI","전기전자","54000","-500","-0.92","878272200000"
"001120","LX인터내셔널","KOSPI","유통업","28550","-350","-1.21","1106598000000"
"108670","LX하우시스","KOSPI","화학","35600","-800","-2.20","319249052000"
"108675","LX하우시스우","KOSPI","화학","22200","0","0.00","22917726000"
"383800","LX홀딩스","KOSPI","기타금융","6850","-10","-0.15","522522726500"
"38380K","LX홀딩스1우","KOSPI","기타금융","8170","100","1.24","11971378450"
"023150","MH에탄올","KOSPI","음식료품","5190","30","0.58","38294549940"
"035420","NAVER","KOSPI","서비스업","206500","2000","0.98","32717242152000"
"181710","NHN","KOSPI","서비스업","17590","-90","-0.51","593946103570"
"400760","NH올원리츠","KOSPI","서비스업","3355","-10","-0.30","143685105025"
"005940","NH투자증권","KOSPI","증권","13320","-120","-0.89","4362197422680"
"005945","NH투자증권우","KOSPI","증권","12080","-50","-0.41","227961293440"
"338100","NH프라임리츠","KOSPI","서비스업","4255","-100","-2.30","79398300000"
"034310","NICE","KOSPI","서비스업","11120","-50","-0.45","417038664240"
"030190","NICE평가정보","KOSPI","서비스업","12060","0","0.00","724898500200"
"008260","NI스틸","KOSPI","철강금속","3655","-120","-3.18","104533427635"
"004250","NPC","KOSPI","화학","4505","-15","-0.33","165423600000"
"004255","NPC우","KOSPI","화학","2600","-20","-0.76","13728000000"
"456040","OCI","KOSPI","화학","61900","-2200","-3.43","554159440500"
"010060","OCI홀딩스","KOSPI","기타금융","59500","-2400","-3.88","1138077503500"
"178920","PI첨단소재","KOSPI","화학","16410","-710","-4.15","481901344020"
"005490","POSCO홀딩스","KOSPI","철강금속","282500","-13000","-4.40","23341386502500"
"010950","S-Oil","KOSPI","화학","57300","-800","-1.38","6450993981600"
"010955","S-Oil우","KOSPI","화학","39700","-300","-0.75","159670501900"
"034120","SBS","KOSPI","서비스업","15350","-20","-0.13","284761503300"
"005090","SGC에너지","KOSPI","전기가스업","25500","-600","-2.30","367437991500"
"001380","SG글로벌","KOSPI","운수장비","2650","-90","-3.28","119154978950"
"004060","SG세계물산","KOSPI","유통업","329","-7","-2.08","66597811840"
"001770","SHD","KOSPI","철강금속","14930","-120","-0.80","18138128540"
"002360","SH에너지화학","KOSPI","화학","527","-17","-3.13","58567475710"
"009160","SIMPAC","KOSPI","철강금속","3700","-60","-1.60","242089209200"
"033530","SJG세종","KOSPI","운수장비","4150","-20","-0.48","115456988150"
"123700","SJM","KOSPI","운수장비","3090","-35","-1.12","48219134820"
"025530","SJM홀딩스","KOSPI","유통업","3350","-30","-0.89","50028926800"
"034730","SK","KOSPI","기타금융","136600","-4600","-3.26","9903869229800"
"011790","SKC","KOSPI","화학","98900","-5000","-4.81","3745174672200"
"018670","SK가스","KOSPI","유통업","217000","0","0.00","2002962948000"
"001740","SK네트웍스","KOSPI","유통업","4345","-80","-1.81","961452484190"
"006120","SK디스커버리","KOSPI","기타금융","36800","-1250","-3.29","691319464000"
"006125","SK디스커버리우","KOSPI","기타금융","32650","-450","-1.36","44353555750"
"210980","SK디앤디","KOSPI","서비스업","7510","-160","-2.09","139816538820"
"395400","SK리츠","KOSPI","서비스업","4670","-65","-1.37","1273923976200"
"302440","SK바이오사이언스","KOSPI","의약품","47100","-2000","-4.07","3690157500300"
"326030","SK바이오팜","KOSPI","서비스업","103400","400","0.39","8097590050000"
"402340","SK스퀘어","KOSPI","기타금융","73500","-500","-0.68","9904122060000"
"361610","SK아이이테크놀로지","KOSPI","전기전자","26250","-1550","-5.58","1871561790000"
"100090","SK오션플랜트","KOSPI","철강금속","11570","-330","-2.77","684892721760"
"03473K","SK우","KOSPI","기타금융","117800","900","0.77","66690703000"
"096770","SK이노베이션","KOSPI","화학","114600","-2900","-2.47","17308585329600"
"096775","SK이노베이션우","KOSPI","화학","75700","-2500","-3.20","94505848200"
"475150","SK이터닉스","KOSPI","건설업","13110","-520","-3.82","441700743450"
"001510","SK증권","KOSPI","증권","496","-6","-1.20","234404724816"
"001515","SK증권우","KOSPI","증권","1675","-4","-0.24","6553460950"
"285130","SK케미칼","KOSPI","화학","42050","-1750","-4.00","725521575150"
"28513K","SK케미칼우","KOSPI","화학","19520","-310","-1.56","41293174080"
"017670","SK텔레콤","KOSPI","통신업","61400","-100","-0.16","13188109254200"
"000660","SK하이닉스","KOSPI","전기전자","159900","-1200","-0.74","116407578163500"
"003570","SNT다이내믹스","KOSPI","운수장비","19640","-260","-1.31","653082969080"
"064960","SNT모티브","KOSPI","운수장비","41350","0","0.00","604666673600"
"100840","SNT에너지","KOSPI","기계","16900","-140","-0.82","349505232700"
"036530","SNT홀딩스","KOSPI","기타금융","22850","-50","-0.22","372543795100"
"005610","SPC삼립","KOSPI","음식료품","47100","-350","-0.74","406426323900"
"011810","STX","KOSPI","유통업","4760","-100","-2.06","147645332520"
"465770","STX그린로지스","KOSPI","운수창고업","8500","-480","-5.35","60953772000"
"077970","STX엔진","KOSPI","기계","19150","0","0.00","440620511600"
"002820","SUN&L","KOSPI","종이목재","2635","15","0.57","33222051015"
"084870","TBH글로벌","KOSPI","섬유의복","1218","-25","-2.01","25403605542"
"002710","TCC스틸","KOSPI","철강금속","34750","-2050","-5.57","910925970750"
"069260","TKG휴켐스","KOSPI","화학","18490","-40","-0.22","755845092120"
"007980","TP","KOSPI","섬유의복","1340","-25","-1.83","68574674200"
"002900","TYM","KOSPI","기계","4375","-215","-4.68","197097932500"
"024070","WISCOM","KOSPI","화학","2040","-15","-0.73","31265933520"
"037270","YG PLUS","KOSPI","서비스업","4850","20","0.41","307632638500"
"000500","가온전선","KOSPI","전기전자","45100","200","0.45","444612892900"
"000860","강남제비스코","KOSPI","화학","25500","-200","-0.78","165750000000"
"035250","강원랜드","KOSPI","서비스업","18000","-30","-0.17","3850929000000"
"011420","갤럭시아에스엠","KOSPI","서비스업","2180","90","4.31","60058223920"
"002100","경농","KOSPI","화학","9170","-20","-0.22","179022012750"
"009450","경동나비엔","KOSPI","전기전자","75400","-3300","-4.19","1098471836800"
"267290","경동도시가스","KOSPI","전기가스업","18480","-180","-0.96","108947102880"
"012320","경동인베스트","KOSPI","기타금융","68300","-2000","-2.84","161531070900"
"000050","경방","KOSPI","유통업","6080","70","1.16","166684841600"
"214390","경보제약","KOSPI","의약품","7440","0","0.00","177867038400"
"012610","경인양행","KOSPI","화학","2870","-30","-1.03","119438967550"
"009140","경인전자","KOSPI","전기전자","20600","-200","-0.96","32358418200"
"013580","계룡건설","KOSPI","건설업","13080","-260","-1.95","116816263560"
"012200","계양전기","KOSPI","기계","1410","-28","-1.95","38384188890"
"012205","계양전기우","KOSPI","기계","3690","40","1.10","4313901510"
"002140","고려산업","KOSPI","음식료품","2815","-80","-2.76","70204481375"
"010130","고려아연","KOSPI","철강금속","1180000","37000","3.24","24429873940000"
"002240","고려제강","KOSPI","철강금속","18270","-190","-1.03","456750000000"
"009290","광동제약","KOSPI","의약품","5590","-90","-1.58","293032557090"
"017040","광명전기","KOSPI","전기전자","1470","-78","-5.04","63706294050"
"017900","광전자","KOSPI","전기전자","1706","-51","-2.90","98852059678"
"037710","광주신세계","KOSPI","유통업","29350","0","0.00","233543526500"
"030610","교보증권","KOSPI","증권","5550","-20","-0.36","632494433550"
"339770","교촌에프앤비","KOSPI","유통업","9870","-180","-1.79","246577669800"
"007690","국도화학","KOSPI","화학","29400","-600","-2.00","264912110400"
"001140","국보","KOSPI","운수창고업","2110","0","0.00","33456978680"
"002720","국제약품","KOSPI","의약품","5420","-150","-2.69","114686289440"
"083420","그린케미칼","KOSPI","화학","4855","-155","-3.09","116520000000"
"014530","극동유화","KOSPI","화학","3580","-45","-1.24","124832523600"
"014280","금강공업","KOSPI","철강금속","4330","-155","-3.46","126996115810"
"014285","금강공업우","KOSPI","철강금속","6210","0","0.00","3663123750"
"008870","금비","KOSPI","비금속광물","52300","-500","-0.95","52300000000"
"001570","금양","KOSPI","화학","29500","-2350","-7.38","1887032282000"
"002990","금호건설","KOSPI","건설업","2910","-5","-0.17","107534961450"
"002995","금호건설우","KOSPI","건설업","13450","3100","29.95","3930977700"
"011780","금호석유","KOSPI","화학","98800","-6700","-6.35","2700657195600"
"011785","금호석유우","KOSPI","화학","53500","-2100","-3.78","161756501000"
"214330","금호에이치티","KOSPI","운수장비","549","-11","-1.96","117438857919"
"001210","금호전기","KOSPI","전기전자","630","-16","-2.48","35336594790"
"073240","금호타이어","KOSPI","화학","4800","-70","-1.44","1378849377600"
"092440","기신정기","KOSPI","기계","2475","-35","-1.39","72270000000"
"000270","기아","KOSPI","운수장비","92900","-2100","-2.21","36943787512800"
"024110","기업은행","KOSPI","은행","14880","-210","-1.39","11865696930720"
"013700","까뮤이앤씨","KOSPI","건설업","1278","-9","-0.70","76361560740"
"004540","깨끗한나라","KOSPI","종이목재","2520","579","29.83","93846546360"
"004545","깨끗한나라우","KOSPI","종이목재","14660","3380","29.96","5367905600"
"001260","남광토건","KOSPI","건설업","8170","10","0.12","80332113240"
"008350","남선알미늄","KOSPI","철강금속","1332","-26","-1.91","171933347880"
"008355","남선알미우","KOSPI","철강금속","16890","-200","-1.17","5200262100"
"004270","남성","KOSPI","유통업","1181","-6","-0.51","42766560960"
"003920","남양유업","KOSPI","음식료품","68100","200","0.29","462896811000"
"003925","남양유업우","KOSPI","음식료품","39700","600","1.53","79400000000"
"025860","남해화학","KOSPI","화학","6350","-70","-1.09","315460653050"
"005720","넥센","KOSPI","화학","4620","5","0.11","247373173740"
"005725","넥센우","KOSPI","화학","3100","20","0.65","11161860000"
"002350","넥센타이어","KOSPI","화학","6270","-190","-2.94","612377588790"
"002355","넥센타이어1우B","KOSPI","화학","2970","-105","-3.41","19305000000"
"092790","넥스틸","KOSPI","철강금속","9390","-280","-2.90","244158780000"
"251270","넷마블","KOSPI","서비스업","53000","1300","2.51","4555535606000"
"090350","노루페인트","KOSPI","화학","8080","-100","-1.22","161600000000"
"090355","노루페인트우","KOSPI","화학","12110","-10","-0.08","5608455860"
"000320","노루홀딩스","KOSPI","기타금융","13090","-150","-1.13","173981166590"
"000325","노루홀딩스우","KOSPI","기타금융","27900","-400","-1.41","6795296100"
"006280","녹십자","KOSPI","의약품","151000","1200","0.80","1764667238000"
"005250","녹십자홀딩스","KOSPI","서비스업","15480","170","1.11","727996690800"
"005257","녹십자홀딩스2우","KOSPI","서비스업","27200","4350","19.04","23010928000"
"004370","농심","KOSPI","음식료품","344000","-4000","-1.15","2092428848000"
"072710","농심홀딩스","KOSPI","기타금융","66000","-1000","-1.49","306094140000"
"058730","다스코","KOSPI","기계","3400","-30","-0.87","63909599400"
"030210","다올투자증권","KOSPI","증권","2615","-55","-2.06","159282542190"
"023590","다우기술","KOSPI","서비스업","18270","-180","-0.98","819713092590"
"145210","다이나믹디자인","KOSPI","기계","1909","24","1.27","66016440483"
"019680","대교","KOSPI","서비스업","2400","-110","-4.38","203286840000"
"019685","대교우B","KOSPI","서비스업","1291","0","0.00","25080244090"
"006370","대구백화점","KOSPI","유통업","5820","-260","-4.28","62981776020"
"008060","대덕","KOSPI","기타금융","6700","-80","-1.18","227064005000"
"00806K","대덕1우","KOSPI","기타금융","7000","10","0.14","8486499000"
"353200","대덕전자","KOSPI","전기전자","14310","-700","-4.66","707156196750"
"35320K","대덕전자1우","KOSPI","전기전자","8150","-90","-1.09","17078479850"
"000490","대동","KOSPI","기계","10440","-640","-5.78","267689826720"
"008110","대동전자","KOSPI","전기전자","15040","0","0.00","157776322880"
"005750","대림B&Co","KOSPI","비금속광물","3920","25","0.64","65355180800"
"006570","대림통상","KOSPI","기계","2775","20","0.73","42249375000"
"001680","대상","KOSPI","음식료품","20450","-350","-1.68","708552111250"
"001685","대상우","KOSPI","음식료품","16720","-50","-0.30","22910128560"
"084690","대상홀딩스","KOSPI","기타금융","8350","-150","-1.76","302374692300"
"084695","대상홀딩스우","KOSPI","기타금융","17770","-400","-2.20","16232575140"
"128820","대성산업","KOSPI","유통업","3300","-40","-1.20","149277077400"
"117580","대성에너지","KOSPI","전기가스업","8950","-200","-2.19","246125000000"
"016710","대성홀딩스","KOSPI","서비스업","7300","-70","-0.95","117453050700"
"003540","대신증권","KOSPI","증권","17050","0","0.00","865686470000"
"003547","대신증권2우B","KOSPI","증권","15000","-30","-0.20","150000000000"
"003545","대신증권우","KOSPI","증권","15660","-30","-0.19","407160000000"
"009190","대양금속","KOSPI","철강금속","1469","-37","-2.46","62226819434"
"014160","대영포장","KOSPI","종이목재","949","-19","-1.96","102866427001"
"047040","대우건설","KOSPI","건설업","3690","-55","-1.47","1533647534220"
"003090","대웅","KOSPI","의약품","21150","-950","-4.30","1229702877000"
"069620","대웅제약","KOSPI","의약품","122500","-6700","-5.19","1419355437500"
"000430","대원강업","KOSPI","운수장비","3805","-35","-0.91","235910000000"
"006340","대원전선","KOSPI","전기전자","2545","-115","-4.32","190822000375"
"006345","대원전선우","KOSPI","전기전자","3075","-50","-1.60","8060190000"
"003220","대원제약","KOSPI","의약품","14460","-400","-2.69","324302850180"
"024890","대원화성","KOSPI","화학","1152","68","6.27","47519023104"
"002880","대유에이텍","KOSPI","운수장비","1190","30","2.59","55625383800"
"000300","대유플러스","KOSPI","전기전자","1984","0","0.00","156936737152"
"012800","대창","KOSPI","철강금속","1222","-62","-4.83","111373689778"
"015230","대창단조","KOSPI","운수장비","5070","-80","-1.55","144861206100"
"001070","대한방직","KOSPI","섬유의복","5480","40","0.74","29044000000"
"006650","대한유화","KOSPI","화학","80500","-5600","-6.50","523250000000"
"001440","대한전선","KOSPI","전기전자","11310","-270","-2.33","2108718963000"
"084010","대한제강","KOSPI","철강금속","15510","-50","-0.32","363157297470"
"001790","대한제당","KOSPI","음식료품","2835","-45","-1.56","254289804300"
"001795","대한제당우","KOSPI","음식료품","2315","-40","-1.70","15007589400"
"001130","대한제분","KOSPI","음식료품","130100","-1400","-1.06","219869000000"
"003490","대한항공","KOSPI","운수창고업","25950","500","1.96","9555326152950"
"003495","대한항공우","KOSPI","운수창고업","24850","550","2.26","27603230900"
"005880","대한해운","KOSPI","운수창고업","1779","-31","-1.71","571432501050"
"003830","대한화섬","KOSPI","화학","116100","-500","-0.43","154180800000"
"016090","대현","KOSPI","섬유의복","2160","0","0.00","95649789600"
"069460","대호에이엘","KOSPI","철강금속","1360","0","0.00","91915295360"
"475560","더본코리아","KOSPI","유통업","37900","550","1.47","548262537000"
"192080","더블유게임즈","KOSPI","서비스업","51300","1400","2.81","1102739977800"
"012510","더존비즈온","KOSPI","서비스업","70700","0","0.00","2148062828800"
"004830","덕성","KOSPI","화학","6040","-170","-2.74","94707200000"
"004835","덕성우","KOSPI","화학","8790","-230","-2.55","12235680000"
"024900","덕양산업","KOSPI","운수장비","2910","-50","-1.69","94764091800"
"145720","덴티움","KOSPI","의료정밀","59300","-1000","-1.66","656381619000"
"002150","도화엔지니어링","KOSPI","서비스업","6850","-170","-2.42","230982000000"
"460850","동국씨엠","KOSPI","철강금속","6010","-160","-2.59","179690922560"
"460860","동국제강","KOSPI","철강금속","8370","-270","-3.13","415219102290"
"001230","동국홀딩스","KOSPI","기타금융","7400","-90","-1.20","235323574200"
"023450","동남합성","KOSPI","화학","29600","-300","-1.00","103600000000"
"004140","동방","KOSPI","운수창고업","2275","-35","-1.52","109135767650"
"007590","동방아그로","KOSPI","화학","6250","-20","-0.32","85109856250"
"005960","동부건설","KOSPI","건설업","4000","-40","-0.99","91785380000"
"005965","동부건설우","KOSPI","건설업","20100","100","0.50","4537213200"
"026960","동서","KOSPI","유통업","27950","-550","-1.93","2786615000000"
"002210","동성제약","KOSPI","의약품","4480","40","0.90","116932345600"
"102260","동성케미컬","KOSPI","서비스업","4015","-65","-1.59","199504257920"
"000640","동아쏘시오홀딩스","KOSPI","기타금융","108900","-400","-0.37","691396625700"
"170900","동아에스티","KOSPI","의약품","60900","-1500","-2.40","558605371800"
"028100","동아지질","KOSPI","건설업","13560","-240","-1.74","181561647120"
"001520","동양","KOSPI","비금속광물","796","-9","-1.12","189992514148"
"001527","동양2우B","KOSPI","비금속광물","8330","-70","-0.83","2570379770"
"084670","동양고속","KOSPI","운수창고업","7870","-20","-0.25","22788128030"
"082640","동양생명","KOSPI","보험","5820","10","0.17","939106964700"
"001525","동양우","KOSPI","비금속광물","4020","-190","-4.51","2483278620"
"008970","동양철관","KOSPI","철강금속","758","-22","-2.82","119045537280"
"092780","동양피스톤","KOSPI","운수장비","4730","-5","-0.11","62286815800"
"049770","동원F&B","KOSPI","음식료품","32200","-550","-1.68","621318964000"
"018500","동원금속","KOSPI","운수장비","1119","-10","-0.89","52318770027"
"006040","동원산업","KOSPI","기타금융","37250","150","0.40","1341815588750"
"030720","동원수산","KOSPI","농업, 임업 및 어업","5030","-70","-1.37","23408639150"
"014820","동원시스템즈","KOSPI","화학","45500","-1900","-4.01","1319103331000"
"014825","동원시스템즈우","KOSPI","화학","21850","-150","-0.68","5770825350"
"111380","동인기연","KOSPI","기타제조업","15800","-610","-3.72","96822400000"
"163560","동일고무벨트","KOSPI","화학","7250","-230","-3.07","100775000000"
"004890","동일산업","KOSPI","철강금속","39350","-150","-0.38","95432210250"
"002690","동일제강","KOSPI","철강금속","1346","-6","-0.44","27324284560"
"000020","동화약품","KOSPI","의약품","6610","-70","-1.05","184627016700"
"000150","두산","KOSPI","기타금융","193000","-1200","-0.62","3189100155000"
"000157","두산2우B","KOSPI","기타금융","93800","300","0.32","83766964400"
"454910","두산로보틱스","KOSPI","기계","64800","-5000","-7.16","4200334704000"
"241560","두산밥캣","KOSPI","기계","38800","-50","-0.13","3889667640800"
"034020","두산에너빌리티","KOSPI","기계","21150","-300","-1.40","13547868237900"
"000155","두산우","KOSPI","기타금융","96000","-300","-0.31","383660352000"
"336260","두산퓨얼셀","KOSPI","전기전자","18460","-220","-1.18","1209014181960"
"33626K","두산퓨얼셀1우","KOSPI","전기전자","5290","30","0.57","70696618000"
"33626L","두산퓨얼셀2우B","KOSPI","전기전자","8150","-190","-2.28","24338345000"
"016740","두올","KOSPI","운수장비","3370","95","2.90","108064711600"
"192650","드림텍","KOSPI","전기전자","8110","-180","-2.17","558698232510"
"024090","디씨엠","KOSPI","철강금속","11460","-30","-0.26","130644000000"
"003160","디아이","KOSPI","의료정밀","11230","-420","-3.61","317809000000"
"092200","디아이씨","KOSPI","운수장비","3935","-65","-1.63","153026519015"
"377190","디앤디플랫폼리츠","KOSPI","서비스업","2775","-65","-2.29","178710000000"
"013570","디와이","KOSPI","기타금융","4250","-80","-1.85","111858440250"
"210540","디와이파워","KOSPI","기계","12480","-320","-2.50","137800515840"
"115390","락앤락","KOSPI","화학","8660","0","0.00","375206719260"
"032350","롯데관광개발","KOSPI","서비스업","8790","-10","-0.11","669764448570"
"089860","롯데렌탈","KOSPI","서비스업","30900","900","3.00","1131992546700"
"330590","롯데리츠","KOSPI","서비스업","3080","-100","-3.14","890024162720"
"000400","롯데손해보험","KOSPI","보험","2035","-15","-0.73","631534411200"
"023530","롯데쇼핑","KOSPI","유통업","57200","-1000","-1.72","1618116786000"
"020150","롯데에너지머티리얼즈","KOSPI","전기전자","24000","-1800","-6.98","1106660040000"
"280360","롯데웰푸드","KOSPI","음식료품","111700","-4500","-3.87","1053841915800"
"286940","롯데이노베이트","KOSPI","서비스업","19900","-550","-2.69","301074403300"
"004000","롯데정밀화학","KOSPI","화학","34350","-1650","-4.58","886230000000"
"004990","롯데지주","KOSPI","기타금융","20900","-750","-3.46","2192603053300"
"00499K","롯데지주우","KOSPI","기타금융","28100","100","0.36","22637444300"
"005300","롯데칠성","KOSPI","음식료품","120800","-1900","-1.55","1120889187200"
"005305","롯데칠성우","KOSPI","음식료품","67800","200","0.30","52566018000"
"011170","롯데케미칼","KOSPI","화학","64500","-4900","-7.06","2759014525500"
"071840","롯데하이마트","KOSPI","유통업","7400","-100","-1.33","174697068800"
"027740","마니커","KOSPI","음식료품","874","-12","-1.35","55508813272"
"357430","마스턴프리미어리츠","KOSPI","서비스업","1764","-17","-0.95","46887120000"
"001080","만호제강","KOSPI","철강금속","32950","550","1.70","136742500000"
"088980","맥쿼리인프라","KOSPI","기타금융","11240","-50","-0.44","5383083201320"
"094800","맵스리얼티1","KOSPI","기타금융","4395","-125","-2.77","408006884745"
"138040","메리츠금융지주","KOSPI","기타금융","102000","-2900","-2.76","19453451628000"
"090370","메타랩스","KOSPI","섬유의복","1325","-18","-1.34","32998712925"
"118000","메타케어","KOSPI","유통업","310","-5","-1.59","51080982840"
"017180","명문제약","KOSPI","의약품","1872","-32","-1.68","63560865888"
"009900","명신산업","KOSPI","운수장비","11580","-430","-3.58","607604140140"
"012690","모나리자","KOSPI","종이목재","3080","370","13.65","112639465400"
"005360","모나미","KOSPI","유통업","2080","5","0.24","39306398560"
"070960","모나용평","KOSPI","서비스업","3135","-130","-3.98","150897998955"
"009680","모토닉","KOSPI","운수장비","8660","-60","-0.69","285780000000"
"009580","무림P&P","KOSPI","종이목재","2595","5","0.19","161845800780"
"009200","무림페이퍼","KOSPI","종이목재","2000","-15","-0.74","83218620000"
"033920","무학","KOSPI","음식료품","6100","-70","-1.13","173850000000"
"008420","문배철강","KOSPI","철강금속","2545","50","2.00","52181420225"
"025560","미래산업","KOSPI","의료정밀","1022","68","7.13","31852536030"
"007120","미래아이앤지","KOSPI","서비스업","1021","-16","-1.54","29485058768"
"396690","미래에셋글로벌리츠","KOSPI","서비스업","2685","-10","-0.37","106341948900"
"357250","미래에셋맵스리츠","KOSPI","서비스업","2595","-5","-0.19","64862297475"
"085620","미래에셋생명","KOSPI","보험","5300","50","0.95","938185801700"
"006800","미래에셋증권","KOSPI","증권","8560","20","0.23","5095908452480"
"00680K","미래에셋증권2우B","KOSPI","증권","4020","0","0.00","562800000000"
"006805","미래에셋증권우","KOSPI","증권","4480","-40","-0.88","63059360000"
"002840","미원상사","KOSPI","화학","191100","900","0.47","907725000000"
"268280","미원에스씨","KOSPI","화학","141000","500","0.36","705000000000"
"107590","미원홀딩스","KOSPI","기타금융","77600","-2400","-3.00","180032000000"
"134380","미원화학","KOSPI","화학","78500","-1100","-1.38","172642538000"
"003650","미창석유","KOSPI","화학","89900","-1900","-2.07","156396512800"
"377740","바이오노트","KOSPI","의약품","4700","-40","-0.84","479663425600"
"003610","방림","KOSPI","섬유의복","3830","155","4.22","162062964700"
"001340","백광산업","KOSPI","화학","8070","-260","-3.12","362491544490"
"035150","백산","KOSPI","화학","12680","-20","-0.16","272620000000"
"002410","범양건영","KOSPI","건설업","2855","-145","-4.83","78454886100"
"007210","벽산","KOSPI","비금속광물","1880","-6","-0.32","127012800000"
"002760","보락","KOSPI","화학","1100","-21","-1.87","65890000000"
"003850","보령","KOSPI","의약품","10180","-130","-1.26","883493767260"
"000890","보해양조","KOSPI","음식료품","466","11","2.42","64829980114"
"003000","부광약품","KOSPI","의약품","4700","-160","-3.29","321736953700"
"001270","부국증권","KOSPI","증권","26150","-200","-0.76","271172518900"
"001275","부국증권우","KOSPI","증권","22250","-50","-0.22","66750000000"
"026940","부국철강","KOSPI","철강금속","2380","-55","-2.26","47600000000"
"011390","부산산업","KOSPI","비금속광물","61400","-2300","-3.61","64838400000"
"005030","부산주공","KOSPI","운수장비","486","0","0.00","38288532168"
"002070","비비안","KOSPI","섬유의복","813","45","5.86","24222513870"
"100220","비상교육","KOSPI","서비스업","4695","-815","-14.79","61019698995"
"090460","비에이치","KOSPI","전기전자","16270","-790","-4.63","560735446330"
"005180","빙그레","KOSPI","음식료품","72500","400","0.55","714214972500"
"003960","사조대림","KOSPI","음식료품","40100","-1550","-3.72","367495126700"
"008040","사조동아원","KOSPI","음식료품","983","-23","-2.29","138745141800"
"007160","사조산업","KOSPI","농업, 임업 및 어업","36000","-1200","-3.23","180000000000"
"014710","사조씨푸드","KOSPI","음식료품","4940","-150","-2.95","85059602420"
"006090","사조오양","KOSPI","음식료품","8490","-70","-0.82","79999054110"
"062040","산일전기","KOSPI","전기전자","61500","800","1.32","1872379800000"
"001470","삼부토건","KOSPI","건설업","1055","-96","-8.34","241259324320"
"028050","삼성E&A","KOSPI","서비스업","17950","-380","-2.07","3518200000000"
"448730","삼성FN리츠","KOSPI","서비스업","4525","-30","-0.66","412001250000"
"006400","삼성SDI","KOSPI","전기전자","254500","-17500","-6.43","17500572885000"
"006405","삼성SDI우","KOSPI","전기전자","155100","-5600","-3.48","250935669600"
"006660","삼성공조","KOSPI","운수장비","8880","-300","-3.27","72161668320"
"028260","삼성물산","KOSPI","유통업","119000","-5600","-4.49","21156308733000"
"02826K","삼성물산우B","KOSPI","유통업","91400","-2300","-2.45","134137726000"
"207940","삼성바이오로직스","KOSPI","의약품","975000","-25000","-2.50","69394650000000"
"032830","삼성생명","KOSPI","보험","107100","-800","-0.74","21420000000000"
"018260","삼성에스디에스","KOSPI","서비스업","146700","-3100","-2.07","11351323260000"
"009150","삼성전기","KOSPI","전기전자","108000","-4000","-3.57","8066919168000"
"009155","삼성전기우","KOSPI","전기전자","54100","-1400","-2.52","157267834400"
"005930","삼성전자","KOSPI","전기전자","54200","-1300","-2.34","323562214210000"
"005935","삼성전자우","KOSPI","전기전자","46200","-1550","-3.25","38017365540000"
"001360","삼성제약","KOSPI","의약품","1563","-18","-1.14","147175329477"
"010140","삼성중공업","KOSPI","운수장비","11620","-220","-1.86","10225600000000"
"016360","삼성증권","KOSPI","증권","47600","300","0.63","4250680000000"
"068290","삼성출판사","KOSPI","서비스업","13900","-440","-3.07","139000000000"
"029780","삼성카드","KOSPI","기타금융","42700","-700","-1.61","4947174645700"
"000810","삼성화재","KOSPI","보험","392500","5500","1.42","18594623522500"
"000815","삼성화재우","KOSPI","보험","290500","-2000","-0.68","927276000000"
"006110","삼아알미늄","KOSPI","철강금속","36950","-2450","-6.22","543605296200"
"145990","삼양사","KOSPI","음식료품","50400","-900","-1.75","519797829600"
"145995","삼양사우","KOSPI","음식료품","30950","-300","-0.96","11453666500"
"003230","삼양식품","KOSPI","음식료품","519000","-4000","-0.76","3909634785000"
"002170","삼양통상","KOSPI","기타제조업","50000","0","0.00","150000000000"
"272550","삼양패키징","KOSPI","화학","16740","10","0.06","264302352540"
"000070","삼양홀딩스","KOSPI","기타금융","68100","-900","-1.30","583226855100"
"000075","삼양홀딩스우","KOSPI","기타금융","54400","-600","-1.09","16540755200"
"003720","삼영","KOSPI","화학","3555","-115","-3.13","120870000000"
"002810","삼영무역","KOSPI","유통업","13000","-40","-0.31","240070324000"
"005680","삼영전자","KOSPI","전기전자","10060","-90","-0.89","201200000000"
"023000","삼원강재","KOSPI","운수장비","2525","-35","-1.37","101000000000"
"004380","삼익THK","KOSPI","기계","8820","-280","-3.08","185220000000"
"002450","삼익악기","KOSPI","기타제조업","1105","-4","-0.36","100036661075"
"004440","삼일씨엔에스","KOSPI","비금속광물","3555","-75","-2.07","45262071585"
"000520","삼일제약","KOSPI","의약품","12100","-660","-5.17","262470913100"
"009770","삼정펄프","KOSPI","종이목재","26550","-600","-2.21","66374230050"
"005500","삼진제약","KOSPI","의약품","18760","-380","-1.99","260764000000"
"004690","삼천리","KOSPI","전기가스업","90700","-200","-0.22","367790767500"
"010960","삼호개발","KOSPI","건설업","3085","-10","-0.32","77125000000"
"004450","삼화왕관","KOSPI","기계","30900","0","0.00","66570311100"
"009470","삼화전기","KOSPI","전기전자","28400","-1200","-4.05","187832488000"
"011230","삼화전자","KOSPI","전기전자","3190","210","7.05","53919613000"
"001820","삼화콘덴서","KOSPI","전기전자","26600","-500","-1.85","276507000000"
"000390","삼화페인트","KOSPI","화학","6490","-30","-0.46","176550513810"
"001290","상상인증권","KOSPI","증권","436","-7","-1.58","47234984320"
"041650","상신브레이크","KOSPI","운수장비","3035","-45","-1.46","65165850750"
"075180","새론오토모티브","KOSPI","운수장비","3310","-85","-2.50","63552000000"
"007540","샘표","KOSPI","기타금융","41150","-800","-1.91","118339170000"
"248170","샘표식품","KOSPI","음식료품","25700","-550","-2.10","117404950200"
"007860","서연","KOSPI","기타금융","6700","-100","-1.47","157314954800"
"200880","서연이화","KOSPI","운수장비","11990","-350","-2.84","324070959630"
"017390","서울가스","KOSPI","전기가스업","52000","-200","-0.38","260000000000"
"004410","서울식품","KOSPI","음식료품","149","-4","-2.61","55838578291"
"004415","서울식품우","KOSPI","음식료품","1200","0","0.00","2669400000"
"021050","서원","KOSPI","철강금속","1133","-30","-2.58","53788710470"
"008490","서흥","KOSPI","화학","13470","-410","-2.95","155835952110"
"007610","선도전기","KOSPI","전기전자","3000","0","0.00","54000000000"
"136490","선진","KOSPI","음식료품","6040","-140","-2.27","143628808160"
"014910","성문전자","KOSPI","전기전자","1107","-6","-0.54","24864310395"
"014915","성문전자우","KOSPI","전기전자","4435","105","2.42","2661000000"
"003080","성보화학","KOSPI","화학","2515","-15","-0.59","50350300000"
"004980","성신양회","KOSPI","비금속광물","7770","-50","-0.64","190489887210"
"004985","성신양회우","KOSPI","비금속광물","11110","-290","-2.54","8173015950"
"011300","성안머티리얼스","KOSPI","섬유의복","500","-13","-2.53","41041299000"
"000180","성창기업지주","KOSPI","서비스업","1317","-17","-1.27","91862857200"
"002420","세기상사","KOSPI","유통업","5440","-120","-2.16","30240133120"
"004360","세방","KOSPI","운수창고업","11720","-120","-1.01","226297846800"
"004365","세방우","KOSPI","운수창고업","7830","10","0.13","28886827500"
"004490","세방전지","KOSPI","전기전자","70800","-1600","-2.21","991200000000"
"001430","세아베스틸지주","KOSPI","철강금속","23000","1100","5.02","824828737000"
"306200","세아제강","KOSPI","철강금속","116600","-1600","-1.35","330712580000"
"003030","세아제강지주","KOSPI","기타금융","171500","-3300","-1.89","710294175500"
"019440","세아특수강","KOSPI","철강금속","13810","-120","-0.86","118351700000"
"058650","세아홀딩스","KOSPI","철강금속","100400","700","0.70","401600000000"
"013000","세우글로벌","KOSPI","유통업","1220","20","1.67","35020137820"
"091090","세원이앤씨","KOSPI","기계","1270","0","0.00","54838923850"
"021820","세원정공","KOSPI","운수장비","7000","-200","-2.78","70000000000"
"067830","세이브존I&C","KOSPI","유통업","1987","-23","-1.14","81548258365"
"075580","세진중공업","KOSPI","운수장비","7910","-220","-2.71","449679196960"
"068270","셀트리온","KOSPI","의약품","187000","600","0.32","40593689598000"
"336370","솔루스첨단소재","KOSPI","전기전자","8780","-370","-4.04","616508280320"
"33637K","솔루스첨단소재1우","KOSPI","전기전자","2035","-30","-1.45","34409338810"
"33637L","솔루스첨단소재2우B","KOSPI","전기전자","4775","-115","-2.35","18041363400"
"248070","솔루엠","KOSPI","전기전자","20300","-800","-3.79","1015112685300"
"004430","송원산업","KOSPI","화학","10470","-120","-1.13","251280000000"
"126720","수산인더스트리","KOSPI","건설업","21950","-500","-2.23","313577700000"
"017550","수산중공업","KOSPI","기계","1889","-10","-0.53","117871956570"
"053210","스카이라이프","KOSPI","서비스업","4825","-60","-1.23","229298257875"
"204210","스타에스엠리츠","KOSPI","서비스업","2950","75","2.61","23089104250"
"026890","스틱인베스트먼트","KOSPI","기타금융","8280","210","2.60","345095289000"
"134790","시디즈","KOSPI","기타제조업","24300","-400","-1.62","48600000000"
"462870","시프트업","KOSPI","서비스업","58400","400","0.69","3406747648000"
"016590","신대양제지","KOSPI","종이목재","5630","0","0.00","226876726600"
"029530","신도리코","KOSPI","전기전자","37950","0","0.00","382537100550"
"004970","신라교역","KOSPI","농업, 임업 및 어업","9220","-200","-2.12","147520000000"
"011930","신성이엔지","KOSPI","전기전자","1200","-29","-2.36","247017781200"
"005390","신성통상","KOSPI","유통업","2015","-40","-1.95","289572405850"
"004170","신세계","KOSPI","유통업","134400","-1600","-1.18","1323192326400"
"035510","신세계 I&C","KOSPI","서비스업","8890","-100","-1.11","152908000000"
"034300","신세계건설","KOSPI","건설업","18030","-20","-0.11","139922788620"
"031430","신세계인터내셔날","KOSPI","유통업","10380","-310","-2.90","370566000000"
"031440","신세계푸드","KOSPI","서비스업","31500","-1000","-3.08","121983120000"
"006880","신송홀딩스","KOSPI","유통업","6750","-160","-2.32","79844791500"
"005800","신영와코루","KOSPI","섬유의복","9040","30","0.33","81360000000"
"001720","신영증권","KOSPI","증권","77500","-800","-1.02","1274100000000"
"009270","신원","KOSPI","섬유의복","1218","-24","-1.93","124950181608"
"002700","신일전자","KOSPI","유통업","1455","1","0.07","103374143055"
"002870","신풍","KOSPI","유통업","1205","-67","-5.27","42125233500"
"019170","신풍제약","KOSPI","의약품","11310","-330","-2.84","599260236900"
"019175","신풍제약우","KOSPI","의약품","17820","-580","-3.15","39204000000"
"481850","신한글로벌액티브리츠","KOSPI","기타금융","2145","-5","-0.23","93259589280"
"404990","신한서부티엔디리츠","KOSPI","서비스업","3640","-80","-2.15","203679417760"
"293940","신한알파리츠","KOSPI","서비스업","5650","-70","-1.22","683311694950"
"055550","신한지주","KOSPI","기타금융","53000","-500","-0.93","26682602225000"
"004080","신흥","KOSPI","유통업","14300","0","0.00","135850000000"
"102280","쌍방울","KOSPI","섬유의복","13450","0","0.00","70637274900"
"004770","써니전자","KOSPI","전기전자","1610","-15","-0.92","59091643240"
"403550","쏘카","KOSPI","서비스업","17900","750","4.37","587503095800"
"004920","씨아이테크","KOSPI","전기전자","1302","-3","-0.23","65185662486"
"112610","씨에스윈드","KOSPI","기계","40100","-2300","-5.42","1691073260300"
"308170","씨티알모빌리티","KOSPI","운수장비","5100","50","0.99","43911000000"
"008700","아남전자","KOSPI","전기전자","1174","-17","-1.43","90544538680"
"002790","아모레G","KOSPI","화학","22100","-600","-2.64","1822325778000"
"00279K","아모레G3우(전환)","KOSPI","화학","17190","-210","-1.21","121914918000"
"002795","아모레G우","KOSPI","화학","9190","-70","-0.76","59218246300"
"090430","아모레퍼시픽","KOSPI","화학","104200","-5000","-4.58","6094945487800"
"090435","아모레퍼시픽우","KOSPI","화학","32350","-1500","-4.43","341545800500"
"002030","아세아","KOSPI","서비스업","247000","1500","0.61","522565056000"
"183190","아세아시멘트","KOSPI","비금속광물","10670","10","0.09","410815123620"
"002310","아세아제지","KOSPI","종이목재","7910","-120","-1.49","338409654100"
"012170","아센디오","KOSPI","서비스업","395","1","0.25","40909947760"
"267850","아시아나IDT","KOSPI","서비스업","15900","-4750","-23.00","176490000000"
"020560","아시아나항공","KOSPI","운수창고업","10740","-250","-2.27","799182345360"
"122900","아이마켓코리아","KOSPI","유통업","8340","-10","-0.12","278796525600"
"010780","아이에스동서","KOSPI","비금속광물","21300","-750","-3.40","642982588800"
"139990","아주스틸","KOSPI","철강금속","4210","-140","-3.22","111639702240"
"009320","아진전자부품","KOSPI","운수장비","1063","-9","-0.84","52405655510"
"001780","알루코","KOSPI","철강금속","2130","-50","-2.29","206248181160"
"018250","애경산업","KOSPI","화학","13770","-260","-1.85","363664804950"
"161000","애경케미칼","KOSPI","화학","7720","-340","-4.22","375568033480"
"011090","에넥스","KOSPI","기타제조업","471","-6","-1.26","28256062911"
"137310","에스디바이오센서","KOSPI","의료정밀","11010","220","2.04","1370495656530"
"005850","에스엘","KOSPI","운수장비","30750","-450","-1.44","1428291990000"
"010580","에스엠벡셀","KOSPI","운수장비","1160","-4","-0.34","129052041600"
"012750","에스원","KOSPI","서비스업","62800","1000","1.62","2386348378400"
"023960","에쓰씨엔지니어링","KOSPI","건설업","1497","-48","-3.11","50880285999"
"298690","에어부산","KOSPI","운수창고업","2450","-30","-1.21","285768000000"
"140910","에이리츠","KOSPI","서비스업","3130","0","0.00","13969290160"
"078520","에이블씨엔씨","KOSPI","화학","7100","0","0.00","184700543100"
"015260","에이엔피","KOSPI","전기전자","680","5","0.74","30679487920"
"007460","에이프로젠","KOSPI","기계","901","-22","-2.38","269920715040"
"003060","에이프로젠바이오로직스","KOSPI","의약품","730","10","1.39","144837726850"
"244920","에이플러스에셋","KOSPI","기타금융","4760","85","1.82","107612618680"
"278470","에이피알","KOSPI","화학","49250","-2150","-4.18","1877700082500"
"450080","에코프로머티","KOSPI","전기전자","85000","-6100","-6.70","5871000830000"
"036570","엔씨소프트","KOSPI","서비스업","237500","5000","2.15","5214080225000"
"085310","엔케이","KOSPI","기계","740","-5","-0.67","59187680480"
"900140","엘브이엠씨홀딩스","KOSPI","유통업","1892","-48","-2.47","324645273612"
"066970","엘앤에프","KOSPI","전기전자","98300","-6100","-5.84","3567930025400"
"097520","엠씨넥스","KOSPI","전기전자","20150","-300","-1.47","362251299800"
"014440","영보화학","KOSPI","화학","3430","-60","-1.72","68600000000"
"111770","영원무역","KOSPI","유통업","40950","400","0.99","1814554614600"
"009970","영원무역홀딩스","KOSPI","기타금융","86000","700","0.82","1172660912000"
"003520","영진약품","KOSPI","의약품","2095","-15","-0.71","383160271445"
"000670","영풍","KOSPI","철강금속","419000","-26500","-5.95","771814760000"
"006740","영풍제지","KOSPI","종이목재","1205","-29","-2.35","56010988340"
"012280","영화금속","KOSPI","운수장비","816","30","3.82","42158236080"
"012160","영흥","KOSPI","철강금속","402","-2","-0.50","40726769544"
"015360","예스코홀딩스","KOSPI","서비스업","50600","-100","-0.20","303600000000"
"007310","오뚜기","KOSPI","음식료품","413000","6000","1.47","1655233790000"
"002630","오리엔트바이오","KOSPI","의약품","476","-4","-0.83","56445510380"
"271560","오리온","KOSPI","음식료품","102600","-400","-0.39","4056407143200"
"001800","오리온홀딩스","KOSPI","기타금융","16130","-190","-1.16","1010470656860"
"005320","온타이드","KOSPI","유통업","447","0","0.00","30095569959"
"011690","와이투솔루션","KOSPI","전기전자","2295","-55","-2.34","83938234230"
"316140","우리금융지주","KOSPI","기타금융","16710","-90","-0.54","12408703981710"
"006980","우성","KOSPI","음식료품","16120","0","0.00","49810800000"
"017370","우신시스템","KOSPI","기계","6090","-380","-5.87","111532588860"
"105840","우진","KOSPI","의료정밀","7840","-70","-0.88","159337133760"
"010400","우진아이엔에스","KOSPI","건설업","3035","-130","-4.11","23132770000"
"049800","우진플라임","KOSPI","기계","1997","-33","-1.63","39940000000"
"016880","웅진","KOSPI","서비스업","847","-21","-2.42","67698236760"
"095720","웅진씽크빅","KOSPI","서비스업","1665","-14","-0.83","192317465025"
"005820","원림","KOSPI","섬유의복","13930","-160","-1.14","32010722100"
"010600","웰바이오텍","KOSPI","유통업","545","0","0.00","49553256815"
"008600","윌비스","KOSPI","유통업","396","21","5.60","26625471444"
"033270","유나이티드제약","KOSPI","의약품","18830","-370","-1.93","307565868260"
"014830","유니드","KOSPI","화학","62600","-2300","-3.54","423651760000"
"446070","유니드비티플러스","KOSPI","종이목재","3840","-25","-0.65","40747065600"
"000910","유니온","KOSPI","비금속광물","4955","-475","-8.75","77355572145"
"047400","유니온머티리얼","KOSPI","비금속광물","2390","-40","-1.65","100380000000"
"011330","유니켐","KOSPI","기타제조업","1769","37","2.14","171587988423"
"077500","유니퀘스트","KOSPI","유통업","5030","20","0.40","109623895450"
"002920","유성기업","KOSPI","운수장비","1871","-26","-1.37","48547772500"
"000700","유수홀딩스","KOSPI","서비스업","5160","0","0.00","134375749920"
"003470","유안타증권","KOSPI","증권","2720","10","0.37","542902686720"
"003475","유안타증권우","KOSPI","증권","2925","-10","-0.34","37768220100"
"072130","유엔젤","KOSPI","서비스업","4900","10","0.20","64657724600"
"000220","유유제약","KOSPI","의약품","4265","-35","-0.81","72642977015"
"000225","유유제약1우","KOSPI","의약품","4685","-15","-0.32","10620567050"
"000227","유유제약2우B","KOSPI","의약품","9740","-100","-1.02","3170954400"
"001200","유진투자증권","KOSPI","증권","2670","-95","-3.44","258633336060"
"000100","유한양행","KOSPI","의약품","115400","-3300","-2.78","9256125985600"
"000105","유한양행우","KOSPI","의약품","104300","-3400","-3.16","123172042000"
"003460","유화증권","KOSPI","증권","2245","-20","-0.88","127296921675"
"003465","유화증권우","KOSPI","증권","2220","0","0.00","38797663500"
"008730","율촌화학","KOSPI","화학","23650","-650","-2.67","586520000000"
"008250","이건산업","KOSPI","종이목재","5040","110","2.23","55201280400"
"025820","이구산업","KOSPI","철강금속","3955","-110","-2.71","132263110000"
"214320","이노션","KOSPI","서비스업","20100","-350","-1.71","804000000000"
"088260","이리츠코크렙","KOSPI","서비스업","4405","-200","-4.34","279019703950"
"139480","이마트","KOSPI","유통업","64300","-100","-0.16","1792415161700"
"457190","이수스페셜티케미컬","KOSPI","화학","35200","-1800","-4.86","1063331456000"
"007660","이수페타시스","KOSPI","전기전자","22300","200","0.90","1410395143700"
"005950","이수화학","KOSPI","화학","6630","-90","-1.34","150651759570"
"015020","이스타코","KOSPI","서비스업","633","-4","-0.63","27125062800"
"093230","이아이디","KOSPI","유통업","1392","0","0.00","354103029120"
"074610","이엔플러스","KOSPI","기계","1199","35","3.01","87976300071"
"102460","이연제약","KOSPI","의약품","13750","-400","-2.83","255568651250"
"084680","이월드","KOSPI","기타제조업","1627","-10","-0.61","230718676011"
"350520","이지스레지던스리츠","KOSPI","서비스업","4050","-5","-0.12","149308118100"
"334890","이지스밸류리츠","KOSPI","서비스업","5310","-70","-1.30","273164820390"
"000760","이화산업","KOSPI","유통업","10670","20","0.19","29876000000"
"014990","인디에프","KOSPI","섬유의복","873","-104","-10.64","65573644635"
"101140","인바이오젠","KOSPI","유통업","9340","0","0.00","93812977440"
"006490","인스코비","KOSPI","통신업","1230","-65","-5.02","146823867540"
"023800","인지컨트롤스","KOSPI","운수장비","5840","-90","-1.52","92325710480"
"034590","인천도시가스","KOSPI","전기가스업","25550","50","0.20","111774964700"
"129260","인터지스","KOSPI","운수창고업","2120","5","0.24","63065492880"
"023810","인팩","KOSPI","운수장비","5610","40","0.72","56100000000"
"249420","일동제약","KOSPI","의약품","12000","-180","-1.48","336750012000"
"000230","일동홀딩스","KOSPI","의약품","6770","-170","-2.45","78128508000"
"013360","일성건설","KOSPI","건설업","1530","0","0.00","82658066400"
"003120","일성아이에스","KOSPI","의약품","16100","-200","-1.23","214130000000"
"003200","일신방직","KOSPI","섬유의복","7500","-120","-1.57","174600000000"
"007110","일신석재","KOSPI","유통업","1696","-52","-2.97","131366410560"
"007570","일양약품","KOSPI","의약품","11090","-210","-1.86","211660013760"
"007575","일양약품우","KOSPI","의약품","10330","40","0.39","4597676400"
"008500","일정실업","KOSPI","섬유의복","11790","-480","-3.91","14148000000"
"081000","일진다이아","KOSPI","화학","11700","-110","-0.93","166174807500"
"020760","일진디스플","KOSPI","전기전자","859","10","1.18","44250303519"
"103590","일진전기","KOSPI","전기전자","21100","-200","-0.94","1006161729000"
"271940","일진하이솔루스","KOSPI","운수장비","18390","-880","-4.57","667799564100"
"015860","일진홀딩스","KOSPI","기타금융","3745","-70","-1.83","184806323835"
"226320","잇츠한불","KOSPI","화학","10870","-30","-0.28","238371654050"
"317400","자이에스앤디","KOSPI","서비스업","3380","-50","-1.46","131084917600"
"033240","자화전자","KOSPI","전기전자","12310","-490","-3.83","272738759700"
"000950","전방","KOSPI","섬유의복","18500","-360","-1.91","31080000000"
"079900","전진건설로봇","KOSPI","기계","26550","-3150","-10.61","387432069750"
"348950","제이알글로벌리츠","KOSPI","서비스업","2980","-35","-1.16","588180480000"
"194370","제이에스코퍼레이션","KOSPI","기타제조업","14030","-310","-2.16","191924998450"
"025620","제이준코스메틱","KOSPI","화학","4525","100","2.26","20293928150"
"030000","제일기획","KOSPI","서비스업","18170","-40","-0.22","2090299058250"
"271980","제일약품","KOSPI","의약품","12200","-390","-3.10","179399438400"
"001560","제일연마","KOSPI","비금속광물","8540","-270","-3.06","84546000000"
"002620","제일파마홀딩스","KOSPI","서비스업","8470","-230","-2.64","135294316850"
"006220","제주은행","KOSPI","은행","7930","-160","-1.98","254781177820"
"089590","제주항공","KOSPI","운수창고업","9780","330","3.49","788668833300"
"004910","조광페인트","KOSPI","화학","5840","30","0.52","74752000000"
"004700","조광피혁","KOSPI","기타제조업","52700","700","1.35","350409572600"
"001550","조비","KOSPI","화학","10280","-300","-2.84","53376216920"
"462520","조선내화","KOSPI","비금속광물","16080","-300","-1.83","190631101440"
"120030","조선선재","KOSPI","기계","93600","-1100","-1.16","117716133600"
"018470","조일알미늄","KOSPI","철강금속","1489","-23","-1.52","188554632569"
"002600","조흥","KOSPI","음식료품","169700","-3200","-1.85","101820000000"
"185750","종근당","KOSPI","의약품","94700","-3100","-3.17","1247617574000"
"063160","종근당바이오","KOSPI","의약품","22600","100","0.44","123982741200"
"001630","종근당홀딩스","KOSPI","의약품","51300","-1400","-2.66","257005869300"
"109070","주성코퍼레이션","KOSPI","전기전자","4100","0","0.00","216521943000"
"044380","주연테크","KOSPI","전기전자","331","-6","-1.78","21979675012"
"013890","지누스","KOSPI","기타제조업","21500","-950","-4.23","435607888000"
"013870","지엠비코리아","KOSPI","운수장비","3785","0","0.00","72188579800"
"071320","지역난방공사","KOSPI","전기가스업","59100","900","1.55","684303770400"
"088790","진도","KOSPI","유통업","1829","-11","-0.60","22766923776"
"003780","진양산업","KOSPI","화학","5910","-180","-2.96","76830000000"
"010640","진양폴리","KOSPI","화학","5800","-360","-5.84","58000000000"
"100250","진양홀딩스","KOSPI","화학","3150","-10","-0.32","176070169800"
"051630","진양화학","KOSPI","화학","2215","45","2.07","46958000000"
"272450","진에어","KOSPI","운수창고업","11780","150","1.29","614916000000"
"011000","진원생명과학","KOSPI","의약품","2160","-65","-2.92","172884315600"
"002780","진흥기업","KOSPI","건설업","782","-16","-2.01","113758904590"
"002787","진흥기업2우B","KOSPI","건설업","9190","-200","-2.13","2709285520"
"002785","진흥기업우B","KOSPI","건설업","2975","-5","-0.17","2550223550"
"009310","참엔지니어링","KOSPI","기계","334","-3","-0.89","28345717946"
"000650","천일고속","KOSPI","운수창고업","36200","0","0.00","51737764000"
"012600","청호ICT","KOSPI","기계","2490","0","0.00","116119947330"
"033250","체시스","KOSPI","운수장비","1334","2","0.15","42688000000"
"035720","카카오","KOSPI","서비스업","40100","1900","4.97","17786456613400"
"323410","카카오뱅크","KOSPI","은행","22350","-200","-0.89","10660249036950"
"377300","카카오페이","KOSPI","기타금융","24750","500","2.06","3331908335250"
"006380","카프로","KOSPI","화학","3660","0","0.00","618539985360"
"001620","케이비아이동국실업","KOSPI","운수장비","510","0","0.00","56759445810"
"029460","케이씨","KOSPI","의료정밀","17440","-200","-1.13","236382527360"
"281820","케이씨텍","KOSPI","의료정밀","31000","-2200","-6.63","646708236000"
"381970","케이카","KOSPI","유통업","13190","-10","-0.08","635521542870"
"145270","케이탑리츠","KOSPI","서비스업","1004","-2","-0.20","48253017096"
"417310","코람코더원리츠","KOSPI","서비스업","4600","-100","-2.13","185840000000"
"357120","코람코라이프인프라리츠","KOSPI","서비스업","4295","-20","-0.46","418055345430"
"007815","코리아써우","KOSPI","전기전자","5180","0","0.00","15357094200"
"007810","코리아써키트","KOSPI","전기전자","7990","-140","-1.72","188729800490"
"00781K","코리아써키트2우B","KOSPI","전기전자","5340","-10","-0.19","4184952660"
"003690","코리안리","KOSPI","보험","8110","-110","-1.34","1579998561410"
"192820","코스맥스","KOSPI","화학","133000","-4000","-2.92","1509484697000"
"044820","코스맥스비티아이","KOSPI","기타금융","8640","-30","-0.35","82977877440"
"005070","코스모신소재","KOSPI","화학","61900","-5100","-7.61","2012415796400"
"005420","코스모화학","KOSPI","화학","17300","-800","-4.42","664462344400"
"071950","코아스","KOSPI","기타제조업","9290","180","1.98","30570788800"
"002020","코오롱","KOSPI","기타금융","13770","-30","-0.22","173865886020"
"138490","코오롱ENP","KOSPI","화학","5410","-220","-3.91","205580000000"
"003070","코오롱글로벌","KOSPI","건설업","9950","-200","-1.97","188380494350"
"003075","코오롱글로벌우","KOSPI","건설업","17340","-110","-0.63","12844379580"
"450140","코오롱모빌리티그룹","KOSPI","유통업","1967","-30","-1.50","123482850750"
"45014K","코오롱모빌리티그룹우","KOSPI","유통업","3160","-40","-1.25","7761339200"
"002025","코오롱우","KOSPI","기타금융","12420","50","0.40","13368763800"
"120110","코오롱인더","KOSPI","화학","28050","-900","-3.11","771910502550"
"120115","코오롱인더우","KOSPI","화학","19600","-240","-1.21","54250056000"
"021240","코웨이","KOSPI","서비스업","65900","-2300","-3.37","4863394892100"
"036420","콘텐트리중앙","KOSPI","서비스업","9210","-190","-2.02","177405856680"
"024720","콜마홀딩스","KOSPI","기타금융","7030","-200","-2.77","241102700770"
"031820","콤텍시스템","KOSPI","서비스업","520","-18","-3.35","62946762320"
"192400","쿠쿠홀딩스","KOSPI","기타금융","23100","150","0.65","821486473500"
"284740","쿠쿠홈시스","KOSPI","서비스업","20750","-400","-1.89","465574597500"
"264900","크라운제과","KOSPI","음식료품","8030","-10","-0.12","100566515500"
"26490K","크라운제과우","KOSPI","음식료품","9860","30","0.31","7627301600"
"005740","크라운해태홀딩스","KOSPI","기타금융","5560","-140","-2.46","82551249320"
"005745","크라운해태홀딩스우","KOSPI","기타금융","7880","70","0.90","4733720880"
"259960","크래프톤","KOSPI","서비스업","312000","-4000","-1.27","14944991880000"
"020120","키다리스튜디오","KOSPI","서비스업","4030","35","0.88","149366976980"
"039490","키움증권","KOSPI","증권","128900","300","0.23","3290392403400"
"014580","태경비케이","KOSPI","비금속광물","4440","-100","-2.20","122468964000"
"015890","태경산업","KOSPI","화학","5240","-100","-1.87","153158650000"
"006890","태경케미컬","KOSPI","화학","10880","-120","-1.09","126208000000"
"003240","태광산업","KOSPI","화학","624000","-4000","-0.64","694761600000"
"011280","태림포장","KOSPI","종이목재","2000","2","0.10","141611880000"
"004100","태양금속","KOSPI","운수장비","2710","-110","-3.90","99457000000"
"004105","태양금속우","KOSPI","운수장비","4165","-60","-1.42","13744500000"
"009410","태영건설","KOSPI","건설업","2645","-65","-2.40","761509616365"
"009415","태영건설우","KOSPI","건설업","5090","-30","-0.59","3308367660"
"001420","태원물산","KOSPI","운수장비","3605","-115","-3.09","27398000000"
"055490","테이팩스","KOSPI","화학","13830","-430","-3.02","65964259500"
"078000","텔코웨어","KOSPI","서비스업","9910","30","0.30","91569163070"
"214420","토니모리","KOSPI","화학","5670","-310","-5.18","136390710330"
"019180","티에이치엔","KOSPI","전기전자","3075","-105","-3.30","55350000000"
"363280","티와이홀딩스","KOSPI","기타금융","2995","5","0.17","151035657660"
"36328K","티와이홀딩스우","KOSPI","기타금융","4370","0","0.00","5431971180"
"091810","티웨이항공","KOSPI","운수창고업","2945","-65","-2.16","634291084320"
"004870","티웨이홀딩스","KOSPI","비금속광물","651","-26","-3.84","73185059997"
"034230","파라다이스","KOSPI","서비스업","10050","0","0.00","922304811150"
"005690","파미셀","KOSPI","의약품","4735","-125","-2.57","284180324540"
"036580","팜스코","KOSPI","음식료품","2325","-95","-3.93","85392467475"
"004720","팜젠사이언스","KOSPI","의약품","4625","-95","-2.01","84075678125"
"028670","팬오션","KOSPI","운수창고업","3455","-100","-2.81","1846937663960"
"010820","퍼스텍","KOSPI","기계","3185","15","0.47","155338622530"
"016800","퍼시스","KOSPI","기타제조업","41700","0","0.00","479550000000"
"001020","페이퍼코리아","KOSPI","종이목재","880","18","2.09","156625315440"
"090080","평화산업","KOSPI","운수장비","903","-9","-0.99","49576739877"
"010770","평화홀딩스","KOSPI","운수장비","2515","-65","-2.52","36783046990"
"022100","포스코DX","KOSPI","서비스업","21000","-1350","-6.04","3192729309000"
"058430","포스코스틸리온","KOSPI","철강금속","30500","-1250","-3.94","183000000000"
"047050","포스코인터내셔널","KOSPI","유통업","47200","-2700","-5.41","8303555593600"
"003670","포스코퓨처엠","KOSPI","전기전자","172300","-10800","-5.90","13346912806000"
"017810","풀무원","KOSPI","음식료품","10850","-270","-2.43","413607880700"
"103140","풍산","KOSPI","철강금속","51400","-1400","-2.65","1440447889200"
"005810","풍산홀딩스","KOSPI","기타금융","24600","-500","-1.99","354665383200"
"950210","프레스티지바이오파마","KOSPI","서비스업","14110","-810","-5.43","847956747050"
"009810","플레이그램","KOSPI","유통업","369","17","4.83","56046487500"
"086790","하나금융지주","KOSPI","기타금융","62400","-1500","-2.35","17923830912000"
"293480","하나제약","KOSPI","의약품","11030","-70","-0.63","196035594380"
"039130","하나투어","KOSPI","서비스업","59500","0","0.00","954331507500"
"352820","하이브","KOSPI","서비스업","195200","-8300","-4.08","8130489334400"
"071090","하이스틸","KOSPI","철강금속","3050","-130","-4.09","61583986550"
"019490","하이트론","KOSPI","전기전자","3110","-160","-4.89","93437676590"
"000080","하이트진로","KOSPI","음식료품","20900","-200","-0.95","1465792469900"
"000087","하이트진로2우B","KOSPI","음식료품","16280","10","0.06","18398646640"
"000140","하이트진로홀딩스","KOSPI","기타금융","9650","-100","-1.03","223945282250"
"000145","하이트진로홀딩스우","KOSPI","기타금융","11200","-20","-0.18","5273072000"
"152550","한국ANKOR유전","KOSPI","기타금융","347","-5","-1.42","24296940000"
"036460","한국가스공사","KOSPI","전기가스업","44650","-300","-0.67","4121775450000"
"005430","한국공항","KOSPI","운수창고업","55700","-1400","-2.45","176365973500"
"071050","한국금융지주","KOSPI","기타금융","74700","-300","-0.40","4162731602400"
"071055","한국금융지주우","KOSPI","기타금융","54100","100","0.19","316931379100"
"010040","한국내화","KOSPI","비금속광물","2120","-35","-1.62","87062171440"
"025540","한국단자","KOSPI","전기전자","66900","-1200","-1.76","696763500000"
"010100","한국무브넥스","KOSPI","운수장비","3200","-85","-2.59","97441344000"
"004090","한국석유","KOSPI","비금속광물","14260","-420","-2.86","181018151200"
"002200","한국수출포장","KOSPI","종이목재","2735","-15","-0.55","109400000000"
"002960","한국쉘석유","KOSPI","화학","343500","-2000","-0.58","446550000000"
"000240","한국앤컴퍼니","KOSPI","기타금융","17230","-400","-2.27","1635734185200"
"123890","한국자산신탁","KOSPI","기타금융","2925","-20","-0.68","362634924600"
"015760","한국전력","KOSPI","전기가스업","23900","-350","-1.44","15342941440300"
"006200","한국전자홀딩스","KOSPI","기타금융","700","0","0.00","32762195200"
"027970","한국제지","KOSPI","종이목재","872","-8","-0.91","165835422664"
"023350","한국종합기술","KOSPI","서비스업","4390","5","0.11","48070500000"
"025890","한국주강","KOSPI","기계","2155","10","0.47","24371453145"
"000970","한국주철관","KOSPI","철강금속","6360","-100","-1.55","145011180000"
"104700","한국철강","KOSPI","철강금속","8850","-90","-1.01","375682500000"
"017960","한국카본","KOSPI","기계","10630","-320","-2.92","551786844760"
"161890","한국콜마","KOSPI","화학","52800","-1600","-2.94","1246348065600"
"161390","한국타이어앤테크놀로지","KOSPI","화학","37650","-1300","-3.34","4663896347850"
"034830","한국토지신탁","KOSPI","기타금융","1024","-13","-1.25","258548971520"
"007280","한국특강","KOSPI","철강금속","1408","-15","-1.05","85625141888"
"168490","한국패러랠","KOSPI","기타금융","171","-5","-2.84","13683420000"
"047810","한국항공우주","KOSPI","운수장비","58400","-1800","-2.99","5692546248800"
"123690","한국화장품","KOSPI","유통업","6090","-100","-1.62","97854120000"
"003350","한국화장품제조","KOSPI","화학","44300","-2900","-6.14","200767600000"
"011500","한농화성","KOSPI","화학","14080","-980","-6.51","220169551360"
"002390","한독","KOSPI","의약품","12720","-140","-1.09","175072139760"
"053690","한미글로벌","KOSPI","서비스업","18230","-630","-3.34","199756136500"
"042700","한미반도체","KOSPI","기계","74600","-2300","-2.99","7207423721400"
"008930","한미사이언스","KOSPI","기타금융","32900","-2800","-7.84","2250081995000"
"128940","한미약품","KOSPI","의약품","272500","-14000","-4.89","3490995047500"
"009240","한샘","KOSPI","유통업","53900","-1100","-2.00","1268478719200"
"020000","한섬","KOSPI","섬유의복","14980","-150","-0.99","350509530000"
"003680","한성기업","KOSPI","음식료품","4850","-35","-0.72","30116147750"
"105630","한세실업","KOSPI","섬유의복","14160","-80","-0.56","566400000000"
"069640","한세엠케이","KOSPI","유통업","1257","-42","-3.23","37843873014"
"016450","한세예스24홀딩스","KOSPI","섬유의복","4400","-80","-1.79","176000000000"
"010420","한솔PNS","KOSPI","유통업","1342","6","0.45","27501622104"
"009180","한솔로지스틱스","KOSPI","운수창고업","2125","-65","-2.97","59831128125"
"213500","한솔제지","KOSPI","종이목재","8970","-70","-0.77","213491166720"
"014680","한솔케미칼","KOSPI","화학","99900","-1600","-1.58","1132385980500"
"004710","한솔테크닉스","KOSPI","전기전자","3935","-50","-1.25","126352369930"
"004150","한솔홀딩스","KOSPI","기타금융","2350","-30","-1.26","98720155950"
"025750","한솔홈데코","KOSPI","종이목재","660","-9","-1.35","53172998340"
"004960","한신공영","KOSPI","건설업","6890","-90","-1.29","79722136780"
"011700","한신기계","KOSPI","기계","3410","-115","-3.26","110641374910"
"001750","한양증권","KOSPI","증권","11990","-230","-1.88","152615122660"
"001755","한양증권우","KOSPI","증권","13240","-120","-0.90","6951000000"
"018880","한온시스템","KOSPI","기계","3970","-200","-4.80","2119186000000"
"009420","한올바이오파마","KOSPI","의약품","35900","-1450","-3.88","1875438904200"
"014130","한익스프레스","KOSPI","운수창고업","3320","-55","-1.63","39840000000"
"300720","한일시멘트","KOSPI","비금속광물","14390","-360","-2.44","996673560600"
"002220","한일철강","KOSPI","철강금속","2105","65","3.19","56198153300"
"006390","한일현대시멘트","KOSPI","비금속광물","14030","-130","-0.92","271167238160"
"003300","한일홀딩스","KOSPI","비금속광물","14100","-240","-1.67","434743664400"
"051600","한전KPS","KOSPI","건설업","46850","-350","-0.74","2108250000000"
"052690","한전기술","KOSPI","서비스업","68000","-2000","-2.86","2598960000000"
"130660","한전산업","KOSPI","서비스업","11130","-230","-2.02","362838000000"
"002320","한진","KOSPI","운수창고업","19000","-70","-0.37","284004932000"
"003480","한진중공업홀딩스","KOSPI","전기가스업","3695","-25","-0.67","109112655340"
"180640","한진칼","KOSPI","기타금융","80300","-200","-0.25","5361011003700"
"18064K","한진칼우","KOSPI","기타금융","24150","-800","-3.21","12962898900"
"005110","한창","KOSPI","유통업","1254","0","0.00","23332434378"
"009460","한창제지","KOSPI","종이목재","679","-2","-0.29","40514222994"
"372910","한컴라이프케어","KOSPI","의료정밀","3630","-45","-1.22","100458093780"
"000880","한화","KOSPI","화학","29900","450","1.53","2241266176500"
"00088K","한화3우B","KOSPI","화학","15740","80","0.51","353709280000"
"452260","한화갤러리아","KOSPI","유통업","1179","-23","-1.91","228560480190"
"45226K","한화갤러리아우","KOSPI","유통업","2305","0","0.00","6694803350"
"451800","한화리츠","KOSPI","서비스업","3480","-40","-1.14","625008000000"
"088350","한화생명","KOSPI","보험","2695","-30","-1.10","2340688350000"
"000370","한화손해보험","KOSPI","보험","4375","-145","-3.21","510732753125"
"009830","한화솔루션","KOSPI","화학","16220","-870","-5.09","2788096933920"
"009835","한화솔루션우","KOSPI","화학","14070","-530","-3.63","36235160430"
"272210","한화시스템","KOSPI","전기전자","23100","-300","-1.28","4364037885900"
"012450","한화에어로스페이스","KOSPI","운수장비","312500","-12500","-3.85","14244112812500"
"082740","한화엔진","KOSPI","기계","16110","-560","-3.36","1344333457620"
"042660","한화오션","KOSPI","운수장비","35000","-1000","-2.78","10724468790000"
"000885","한화우","KOSPI","화학","40700","400","0.99","19507265800"
"489790","한화인더스트리얼솔루션즈","KOSPI","기타금융","33400","-1350","-3.88","1686312226000"
"003530","한화투자증권","KOSPI","증권","3535","40","1.14","758426384625"
"003535","한화투자증권우","KOSPI","증권","7120","50","0.71","34176000000"
"195870","해성디에스","KOSPI","전기전자","21650","-550","-2.48","368050000000"
"101530","해태제과식품","KOSPI","음식료품","5710","-180","-3.06","166257053620"
"143210","핸즈코퍼레이션","KOSPI","운수장비","1924","29","1.53","42088937228"
"000720","현대건설","KOSPI","건설업","27450","-800","-2.83","3056715749250"
"000725","현대건설우","KOSPI","건설업","46400","550","1.20","48937755200"
"453340","현대그린푸드","KOSPI","유통업","13750","100","0.73","465862567500"
"086280","현대글로비스","KOSPI","운수창고업","123000","-2000","-1.60","9225000000000"
"064350","현대로템","KOSPI","운수장비","50600","-2000","-3.80","5522600025800"
"079430","현대리바트","KOSPI","기타제조업","8010","-190","-2.32","164487608820"
"012330","현대모비스","KOSPI","운수장비","239500","-6000","-2.44","22272325013000"
"069960","현대백화점","KOSPI","유통업","46350","1450","3.23","1048845482550"
"004560","현대비앤지스틸","KOSPI","철강금속","12180","40","0.33","183659917980"
"004310","현대약품","KOSPI","의약품","3565","-75","-2.06","114080000000"
"017800","현대엘리베이","KOSPI","기계","53400","500","0.95","2087533359000"
"307950","현대오토에버","KOSPI","서비스업","140000","-1400","-0.99","3839357480000"
"011210","현대위아","KOSPI","운수장비","40750","-850","-2.04","1108199632250"
"004020","현대제철","KOSPI","철강금속","20950","-1050","-4.77","2795689195750"
"005440","현대지에프홀딩스","KOSPI","기타금융","5150","-20","-0.39","802907150150"
"005380","현대차","KOSPI","운수장비","218500","-500","-0.23","45757437733500"
"005387","현대차2우B","KOSPI","운수장비","160200","-2900","-1.78","5728654438200"
"005389","현대차3우B","KOSPI","운수장비","156800","-1300","-0.82","373247347200"
"005385","현대차우","KOSPI","운수장비","157000","-1500","-0.95","3747902116000"
"001500","현대차증권","KOSPI","증권","7590","-140","-1.81","240698345580"
"011760","현대코퍼레이션","KOSPI","유통업","20200","-200","-0.98","267225113200"
"227840","현대코퍼레이션홀딩스","KOSPI","유통업","10690","0","0.00","97287936840"
"126560","현대퓨처넷","KOSPI","통신업","3880","-95","-2.39","427587426600"
"001450","현대해상","KOSPI","보험","26600","-550","-2.03","2378040000000"
"057050","현대홈쇼핑","KOSPI","유통업","45150","-150","-0.33","541800000000"
"093240","형지엘리트","KOSPI","섬유의복","1100","-2","-0.18","38999424200"
"003010","혜인","KOSPI","유통업","4900","-120","-2.39","62292460300"
"111110","호전실업","KOSPI","섬유의복","7410","-320","-4.14","72247381440"
"008770","호텔신라","KOSPI","유통업","39600","-650","-1.61","1554225591600"
"008775","호텔신라우","KOSPI","유통업","33450","-350","-1.04","25150352550"
"378850","화승알앤에이","KOSPI","운수장비","3300","-80","-2.37","62678955900"
"241590","화승엔터프라이즈","KOSPI","기타제조업","8580","-200","-2.28","519855988080"
"006060","화승인더","KOSPI","화학","4160","-65","-1.54","230131200000"
"013520","화승코퍼레이션","KOSPI","운수장비","1614","-51","-3.06","80782720728"
"010690","화신","KOSPI","운수장비","7190","-210","-2.84","251077747900"
"133820","화인베스틸","KOSPI","철강금속","1047","-53","-4.82","32274945546"
"010660","화천기계","KOSPI","기계","2525","-120","-4.54","55550000000"
"000850","화천기공","KOSPI","기계","26100","-550","-2.06","57420000000"
"016580","환인제약","KOSPI","의약품","12200","-280","-2.24","226920854000"
"032560","황금에스티","KOSPI","철강금속","5160","-10","-0.19","87720000000"
"004800","효성","KOSPI","기타금융","45000","-1150","-2.49","753318315000"
"094280","효성ITX","KOSPI","서비스업","12390","-90","-0.72","143206098000"
"298040","효성중공업","KOSPI","전기전자","403500","7000","1.77","3762455118000"
"298020","효성티앤씨","KOSPI","화학","193600","-8400","-4.16","837839235200"
"298000","효성화학","KOSPI","화학","28850","-1550","-5.10","109393747350"
"093370","후성","KOSPI","화학","5290","-290","-5.20","567380695700"
"081660","휠라홀딩스","KOSPI","유통업","40650","-50","-0.12","2442895855350"
"005870","휴니드","KOSPI","전기전자","8230","610","8.01","116174803450"
"079980","휴비스","KOSPI","화학","2670","-5","-0.19","92115000000"
"005010","휴스틸","KOSPI","철강금속","4005","-15","-0.37","225033240375"
"000540","흥국화재","KOSPI","보험","3320","-85","-2.50","213285581400"
"000545","흥국화재우","KOSPI","보험","4565","10","0.22","3505920000"
"003280","흥아해운","KOSPI","운수창고업","1680","-63","-3.61","403913830320"